code,title,status,priority,createdAt
"TASK-7598","If we bypass the port, we can get to the HTTP sensor through the online SSL sensor!","canceled","low",Thu May 02 2024 16:45:06 GMT+0600 (Bangladesh Standard Time)
"TASK-3466","Bypassing the driver won't do anything, we need to input the primary RSS matrix!","todo","medium",Thu May 02 2024 13:21:08 GMT+0600 (Bangladesh Standard Time)
"TASK-3792","If we transmit the array, we can get to the CLI pixel through the haptic ADP system!","in-progress","medium",Thu May 02 2024 13:21:08 GMT+0600 (Bangladesh Standard Time)
"TASK-2758","I'll copy the neural ASCII monitor, that should transmitter the RAM bus!","canceled","medium",Thu May 02 2024 13:21:08 GMT+0600 (Bangladesh Standard Time)
"TASK-1816","We need to index the wireless SAS feed!","in-progress","medium",Thu May 02 2024 13:21:08 GMT+0600 (Bangladesh Standard Time)
"TASK-4877","If we synthesize the protocol, we can get to the EXE circuit through the open-source SSD circuit!","todo","low",Thu May 02 2024 13:21:08 GMT+0600 (Bangladesh Standard Time)
"TASK-8307","I'll quantify the multi-byte IB system, that should interface the UDP system!","in-progress","high",Thu May 02 2024 13:21:08 GMT+0600 (Bangladesh Standard Time)
"TASK-9028","The THX bus is down, back up the digital capacitor so we can navigate the ADP feed!","done","low",Thu May 02 2024 13:21:08 GMT+0600 (Bangladesh Standard Time)
"TASK-5310","We need to input the auxiliary TLS pixel!","in-progress","high",Thu May 02 2024 13:21:08 GMT+0600 (Bangladesh Standard Time)
"TASK-4630","Use the digital HEX interface, then you can compress the primary bus!","in-progress","high",Thu May 02 2024 13:21:08 GMT+0600 (Bangladesh Standard Time)